Branch,ProductCategory,Product,Price,Sales,YearOfSale,MonthOfSale,DayOfSale
Kandy,Beverages,Soft Drink,200,7000,2025,1,1
Colombo,Beverages,Fruit Juice,300,10000,2025,1,1
Negombo,Beverages,Soft Drink,200,100000,2025,1,1
Galle,Beverages,Fruit Juice,300,8000,2025,1,1
Badulla,Beverages,Fruit Juice,300,6000,2025,1,1
Kandy,Grocery,Rice,1000,1000000,2025,1,2
Colombo,Grocery,Tea Powder,800,300000,2025,1,2
Negombo,Grocery,Chilli powder,500,56000,2025,1,2
Galle,Grocery,Sugar,300,1200000,2025,1,2
Badulla,Grocery,Oil,700,67000,2025,1,3
Kandy,Diary,Milk,400,54900,2025,1,3
Colombo,Diary,Cheese,300,20000,2025,1,3
Negombo,Diary,Curd,200,70000,2025,1,3
Galle,Diary,Butter,400,670000,2025,1,4
Badulla,Diary,Flavoured Milk,100,68500,2025,1,4
Kandy,Meet,Chicken,1000,567800,2025,1,4
Colombo,Meet,Mutton,2000,456700,2025,1,5
Negombo,Meet,beef,2500,34500,2025,1,5
Galle,Meet,Fish,900,345600,2025,1,5
Badulla,Meet,Chicken,1000,120000,2025,1,6
Kandy,Beverages,Soft Drink,200,340000,2025,1,6
Colombo,Beverages,Fruit Juice,300,45000,2025,1,6
Negombo,Grocery,Rice,1000,1200330,2025,1,6
Galle,Grocery,Sugar,300,14500,2025,1,7
Badulla,Meet,Mutton,2000,678900,2025,1,7
Badulla,Beverages,Fruit Juice,300,56000,2025,1,7
Galle,Meet,Fish,900,56700,2025,1,7
Galle,Beverages,Soft Drink,200,456000,2025,1,7
Negombo,Beverages,Fruit Juice,300,456600,2025,1,7
Kandy,Meet,Chicken,1000,456000,2025,1,7
Galle,Grocery,Sugar,400,123000,2025,1,8
Negombo,Grocery,Tea Powder,1000,1234000,2025,1,8
Negombo,Diary,Cheese,200,5679900,2025,1,8
Badulla,Beverages,Fruit Juice,300,12000,2025,1,9
Kandy,Grocery,Oil,500,320000,2025,1,9
Colombo,Diary,Butter,400,67000,2025,1,9
Colombo,Meet,Mutton,2800,678000,2025,1,9
Colombo,Diary,Curd,400,56700,2025,1,10
Negombo,Diary,Milk,400,456700,2025,1,10
Negombo,Beverages,Soft Drink,200,45600,2025,1,10
Badulla,Meet,beef,2500,12000,2025,1,11
Negombo,Diary,Curd,300,350000,2025,1,11
Colombo,Meet,Fish,600,12000,2025,1,12
Colombo,Grocery,Sugar,200,120000,2025,1,14
Colombo,Diary,Cheese,300,123000,2025,1,14
Kandy,Diary,Milk,700,1234000,2025,1,14
Galle,Meet,Chicken,900,123900,2025,1,15
Negombo,Diary,Curd,300,678000,2025,1,15
Galle,Meet,beef,2700,567000,2025,1,15
Galle,Beverages,Fruit Juice,300,8000,2025,1,15
Badulla,Beverages,Fruit Juice,300,6000,2025,1,16
Kandy,Grocery,Rice,1000,1000000,2025,1,16
Colombo,Grocery,Tea Powder,800,300000,2025,1,16
Negombo,Grocery,Chilli powder,500,56000,2025,1,17
Galle,Grocery,Sugar,300,1200000,2025,1,17
Badulla,Grocery,Oil,700,67000,2025,1,18
Kandy,Diary,Milk,400,54900,2025,1,18
Colombo,Diary,Cheese,300,20000,2025,1,18
Negombo,Diary,Curd,200,70000,2025,1,19
Galle,Diary,Butter,400,670000,2025,1,19
Badulla,Diary,Flavoured Milk,100,68500,2025,1,19
Kandy,Meet,Chicken,1000,567800,2025,1,20
Colombo,Meet,Mutton,2000,456700,2025,1,20
Colombo,Diary,Curd,400,56700,2025,1,21
Negombo,Diary,Milk,400,456700,2025,1,21
Negombo,Beverages,Soft Drink,200,45600,2025,1,22
Badulla,Meet,beef,2500,12000,2025,1,23
Negombo,Diary,Curd,300,350000,2025,1,24
Colombo,Meet,Fish,600,12000,2025,1,24
Colombo,Grocery,Sugar,200,120000,2025,1,25
Colombo,Diary,Cheese,300,123000,2025,1,25
Kandy,Diary,Milk,700,1234000,2025,1,27
Galle,Meet,Chicken,900,123900,2025,1,28
Negombo,Diary,Curd,300,678000,2025,1,29
Negombo,Diary,Curd,300,350000,2025,1,30
Colombo,Meet,Fish,600,12000,2025,1,31
